{
	"Blueprints" :
		{
    		"blueprint_name" : "hdp-test",
    		"stack_name" : "HDP",
    		"stack_version" : "2.6"
    	},
	"configurations": [
		],
	"host_groups" : [
		{
			"name" : "host_group_master_1",
			"cardinality" : "1",
      		"components" : [
      			{ "name": "NAMENODE" },
      			{ "name": "ZOOKEEPER_SERVER" },
      			{ "name": "HBASE_MASTER" },
      			{ "name": "GANGLIA_SERVER" },
      			{ "name": "OOZIE_SERVER" },
      			{ "name": "WEBHCAT_SERVER" },
      			{ "name": "FALCON_SERVER" },
      			{ "name": "APP_TIMELINE_SERVER"},
                { "name": "NIMBUS" },
                { "name": "STORM_UI_SERVER" },
                { "name": "DRPC_SERVER" },

            	{ "name": "DATANODE" },
                { "name": "SUPERVISOR" },
            	{ "name": "HBASE_REGIONSERVER" },
            	{ "name": "GANGLIA_MONITOR" },
            	{ "name": "NODEMANAGER" },
            	{ "name": "FLUME_HANDLER" },

            	{ "name": "HDFS_CLIENT" },
            	{ "name": "MAPREDUCE2_CLIENT" },
            	{ "name": "YARN_CLIENT" },
            	{ "name": "FALCON_CLIENT" },
            	{ "name": "HBASE_CLIENT" },
            	{ "name": "HIVE_CLIENT" },
            	{ "name": "TEZ_CLIENT" },
            	{ "name": "HCAT" },
            	{ "name": "OOZIE_CLIENT" },
            	{ "name": "PIG" },
            	{ "name": "SQOOP" },
            	{ "name": "ZOOKEEPER_CLIENT" },

      			{ "name": "SECONDARY_NAMENODE" },
				{ "name": "ZOOKEEPER_CLIENT" },

                { "name": "RESOURCEMANAGER" },
      			{ "name": "HISTORYSERVER" },
        		{ "name": "HIVE_SERVER" },
            	{ "name": "HIVE_METASTORE" },
            	{ "name": "MYSQL_SERVER" }
        	]
        }
    ]
}
